conversation_id,conversation_title,create_time,update_time,message_id,author_role,author_name,message_content,message_status,recipient,channel
67508449-da24-8001-8e65-69fc231fc334,ID Acknowledgment Response,2024-12-04 16:33:14.140600064,2024-12-04 16:43:59.638905088,aaa2679a-9730-4eb5-ab09-681c75147630,user,,['My ID is 04122024_16:15_1.'],finished_successfully,all,
67508449-da24-8001-8e65-69fc231fc334,ID Acknowledgment Response,2024-12-04 16:33:14.140600064,2024-12-04 16:43:59.638905088,a48fcf92-e2d9-4ecb-bded-acccb15fd9bd,assistant,,['Got it! Let me know how I can assist you further. ðŸ˜Š'],finished_successfully,all,
67508449-da24-8001-8e65-69fc231fc334,ID Acknowledgment Response,2024-12-04 16:33:14.140600064,2024-12-04 16:43:59.638905088,aaa25144-2499-4184-99c5-078c1628bcae,user,,['in esperantas when ends in e'],finished_successfully,all,
67508449-da24-8001-8e65-69fc231fc334,ID Acknowledgment Response,2024-12-04 16:33:14.140600064,2024-12-04 16:43:59.638905088,4f5775b4-db7f-4699-b731-d635d24d3656,assistant,,"['In Esperanto, words that end in **-e** typically serve one of the following purposes:

1. **Adverbs**: Words ending in **-e** are usually adverbs. They describe how, when, where, or to what degree an action takes place. For example:
   - **Rapide** (quickly)
   - **Bone** (well)
   - **FeliÄ‰e** (happily)

2. **Vocative Case (Rare)**: In poetic or emphatic expressions, **-e** can mark direct address, though this is not common in modern Esperanto. For instance:
   - **Amike!** (Friend!)

3. **Borrowed Words or Fixed Endings**: Some borrowed or technical terms may naturally end in **-e**, like proper names or specific terms:
   - **Karate** (karate)
   - **Adelaide** (Adelaide)

Let me know if youâ€™d like more examples or explanations!']",finished_successfully,all,
67508449-da24-8001-8e65-69fc231fc334,ID Acknowledgment Response,2024-12-04 16:33:14.140600064,2024-12-04 16:43:59.638905088,aaa2df91-4a5a-4d2d-8a80-90ba4e70841d,user,,['what is amikoj in english'],finished_successfully,all,
67508449-da24-8001-8e65-69fc231fc334,ID Acknowledgment Response,2024-12-04 16:33:14.140600064,2024-12-04 16:43:59.638905088,0dfbf0c1-3bc4-4e87-8ae5-1c44b1f8ef01,assistant,,"['In English, **amikoj** means **friends**. 

- **amiko** = friend (singular)
- **amikoj** = friends (plural, indicated by the **-j** ending).']",finished_successfully,all,
674f481d-4fd8-8001-9778-b89ea4a08db9,ID Confirmation Assistance,2024-12-03 18:04:13.531451904,2024-12-03 18:29:22.207875072,aaa299d2-9d80-4696-a4a1-b57e1d98377a,user,,['My ID is 03/12/2024_18:04_1'],finished_successfully,all,
674f481d-4fd8-8001-9778-b89ea4a08db9,ID Confirmation Assistance,2024-12-03 18:04:13.531451904,2024-12-03 18:29:22.207875072,83a70402-44b0-4fda-bd7a-aac98d3af820,assistant,,['Got it! Let me know how I can assist you.'],finished_successfully,all,
674d880c-90c8-8001-ad79-3208e14e8928,Hello assistance request,2024-12-02 10:12:28.832335104,2024-12-02 15:17:42.835400960,aaa2bf0f-43d7-483b-b5b8-e1f6779388b9,user,,['hello'],finished_successfully,all,
674d880c-90c8-8001-ad79-3208e14e8928,Hello assistance request,2024-12-02 10:12:28.832335104,2024-12-02 15:17:42.835400960,b753c608-ffb2-42b4-89f2-ba6350f7b16c,assistant,,['Hello! How can I assist you today? ðŸ˜Š'],finished_successfully,all,
